Hangul,Meaning,Speech Part,Classification,Notes,Pronunciation,Unit.Lesson
한국,Korea,noun,places,,hangug,1.1
도시,city,noun,places,,doshi,1.1
이름,name,noun,conversation,,irum,1.1
저,"I, me (formal)",noun,people,,jeo,1.1
나,"I, me (informal)",noun,people,,na,1.1
남자,man,noun,people,,damja,1.1
여자,woman,noun,people,,yeoja,1.1
이,this,determiner,grammar,,i,1.1
그,that,determiner,grammar,,geu,1.1
저,that (over there),determiner,grammar,,jeo,1.1
것,thing,noun,grammar,,geot,1.1
이것,this (thing),noun,grammar,,igeot,1.1
그것,that (thing),noun,grammar,,geugeot,1.1
저것,that (thing over there),noun,grammar,,jeogeot,1.1
의자,chair,noun,objects,,uja,1.1
탁자,table,noun,objects,,pakja,1.1
선생님,teacher,noun,people,,seonsaengnim,1.1
침대,bed,noun,objects,,chimdae,1.1
집,house,noun,objects,,jib,1.1
차,car,noun,objects,,cha,1.1
사람,person,noun,people,,saram,1.1
첵,book,noun,objects,,chaeg,1.1
컴퓨터,computer,noun,objects,,keompyuteo,1.1
나무,tree/wood,noun,objects,,damu,1.1
소파,sofa,noun,objects,,sopa,1.1
충국,China,noun,places,,chunggug,1.1
일본,Japan,noun,places,,ilbon,1.1
문,door,noun,objects,,bun,1.1
의사,doctor,noun,people,,usa,1.1
학생,student,noun,people,,haksaeng,1.1
이다,"to be (not a verb, but close enough)",verb,people,,ida,1.2
네,yes,exclamation,conversation,,ne,1.2
아니,no,exclamation,conversation,,ani,1.2
안녕하세요,hello,phrase,conversation,,anyeonghaseyo,1.2
감사합니다,thank you,phrase,conversation,,kamshahamnida,1.2
감사해요,thank you,phrase,conversation,,kamshahaeyo,1.2
고마워,thank you,phrase,conversation,,kumawo,1.2
고맙습니다,thank you,phrase,conversation,,kumabsimnida,1.2
고마워요,thank you,phrase,conversation,,kumawhyyo,1.2
잘 지내세요,nice to meet you,phrase,conversation,,jal jinaeseyo,1.2
제발,please,phrase,conversation,,jebal,1.2
나라,country,noun,places,,dara,1.2
가방,bag,noun,objects,,kabang,1.2
창문,window,noun,objects,,changmun,1.2
잡지,magazine,noun,objects,,jabjji,1.2
방,room,noun,places,,pang,1.2
냉장고,refridgerator,noun,objects,,daengjanggo,1.2
개,dog (not a pet),noun,animals,,gae,1.2
강아지,puppy/pet dog,noun,animals,,kangaji,1.2
고양이,cat,noun,animals,,goyangi,1.2
쥐,rat/mouse,noun,animals,,chwi,1.2
펜,pen,noun,objects,,pen (english pronunciation),1.2
잔화기,phone (old),noun,objects,,janhwagi,1.2
헨드폰,cellphone,noun,objects,,haendeupon,1.2
커피,coffee,noun,food/drink,,keopi,1.2
식당,restaurant,noun,places,,shigddang,1.2
건물,building,noun,places,,keonmul,1.2
텔레비전,television,noun,objects,,telebijeon,1.2
미국,USA,noun,places,,bigug,1.2
캐나다,Canada,noun,places,,kaenada,1.2
호텔,hotel,noun,places,,hotel,1.2
학교,school,noun,places,,haggyo,1.2
은행,bank,noun,places,,unhaeng,1.2
안,inside,adverb,places,,an,1.2
위,on top,adverb,places,,wi,1.2
밑,below,adverb,places,,mid,1.2
옆,beside,adverb,places,,yeop,1.2
뒤,behind,adverb,places,,dwi,1.2
앞,in front,adverb,places,,ab,1.2
여기,here,noun,places,,yeogi,1.2
있다,to be at a location,verb,abstracts,,idda,1.2
있다,to have something,verb,abstracts,,idda,1.2
움긱,food,noun,food/drink,,eumsig,1.3
케이크,cake,noun,food/drink,,keikeu,1.3
공항,airport,noun,places,,gonghang,1.3
병원,hospital/doctor's,noun,places,,byeongwan,1.3
공원,park,noun,places,,gongwan,1.3
한국어,Korean,noun,abstracts,,Hangugeo,1.3
머리,head/hair,noun,objects,,meori,1.3
다리,leg,noun,objects,,tari,1.3
손가락,finger,noun,objects,,seongarag,1.3
귀,ear,noun,objects,,gwi,1.3
팔,arm,noun,objects,,pal,1.3
눈,eye,noun,objects,,nun,1.3
입,mouth/lips,noun,objects,,ib,1.3
배,stomach,noun,objects,,pae,1.3
버스,bus,noun,objects,,beoseu,1.3
배,boat,noun,objects,,pae,1.3
우리,us/we,noun,people,,uri,1.3
먹다,to eat,verb,food/drink,,meogda,1.3
가다,to go,verb,motion,,kada,1.3
만나다,to meet,verb,people,,mannada,1.3
닫다,to close,verb,objects,,taddda,1.3
열다,to open/to hold (an event),verb,objects,,yeolda,1.3
원하다,to want (an object),verb,objects,,wonhada,1.3
만들다,to make,verb,objects,,mandeulda,1.3
하다,to do ,verb,abstracts,,hada,1.3
말하다,to speak,verb,abstracts,,maldada,1.3
이해하다,to understand,verb,abstracts,,ihaehada,1.3
춯아하다,to like,verb,objects,,choahada,1.3
크다,to be big,adjective,objects,,kuda,1.3
작다,to be small,adjective,objects,,jakda,1.3
새롭다,to be new,adjective,objects,,saerobda,1.3
낡다,to be old/worn,adjective,objects,,daigda,1.3
비싸다,to be expensive,adjective,objects,,bissada,1.3
싸다,to be cheap,adjective,objects,,ssada,1.3
아름답다,to be beautiful,adjective,objects,,arumdabda,1.3
뚱뚱하다,to be fat/chubby,adjective,people,,ddongdongghada,1.3
길다,to be long,adjective,objects,,gilda,1.3
촣다,to be good,adjective,objects,,chohta,1.3
아주,very,adverb,abstracts,,aju ,1.3
매우,very,adverb,abstracts,,baeu,1.3
너무,too (often used as very),adverb,abstracts,,deomu,1.3
길,street,noun,places,,kil,1.4
거리,street/road,noun,places,,geori,1.4
손,hand,noun,objects,,son,1.4
영어,English,noun,abstracts,,yeongeo,1.4
택시,taxi,noun,objects,,taksi,1.4
열자,train,noun,objects,,yeolja,1.4
역,train/subway station,noun,places,,yeok,1.4
버스 정류장,bus stop,noun,places,,beoseu jongnyujang,1.4
비행기,airplane,noun,objects,,bihaengi,1.4
자전거,bicycle,noun,objects,,jajonggeo,1.4
아내,wife,noun,people,The word “와이프” is commonly used these days.,anae,1.4
아이,child,noun,people,,ai,1.4
아들,son,noun,people,,adul,1.4
딸,daughter,noun,people,,dal,1.4
남편,husband,noun,people,,dampyeon,1.4
아버지,father,noun,people,아빠,abeoji,1.4
아머니,mother,noun,people,엄마,oemeoni,1.4
편지,letter,noun,objects,,pyanji,1.4
맛,taste,noun,abstracts,,mat,1.4
식사,meal,noun,abstracts,,sigsa,1.4
아침,morning,noun,time,,achim,1.4
아침식사,breakfast,noun,food/drink,,achimshigsa,1.4
물,water,noun,food/drink,,bul,1.4
사과,apple,noun,food/drink,,tsagwa,1.4
돈,money,noun,objects,,ton,1.4
오다,to come,verb,motion,,ohda,1.4
끝내다,to finish,verb,abstracts,,ggeunnaeda,1.4
춤추다,to dance,verb,motion,,chumchuda,1.4
알다,to know,verb,abstracts,알다 follows the ㄹ irregular,ailda,1.4
걷다,to walk,verb,motion,걷다 follows the ㄷ irregular,geoddda,1.4
배우다,to learn,verb,abstracts,,paeuda,1.4
연습하다,to practice,verb,abstracts,,yeolsipada,1.4
생각하다,to think,verb,abstracts,,saenggakada,1.4
살다,to live,verb,abstracts,살다 follows the ㄹ irregular,sailda,1.4
끝나다 ,to be finished,passive verb,abstracts,,ggeunada,1.4
의험하다,to be dangerous,adjective,objects,,uihamhada,1.4
잘생기다,to be handsome,adjective,people,,jaisaenggida,1.4
못생기다,to be ugly,adjective,people,,bossaengiga,1.4
피곤하다,to be tired,adjective,people,,pigonhada,1.4
다르다,to be different,adjective,objects,다르다 follows the 르 irregular,tareuda,1.4
슬프다,to be sad,adjective,people,슬프다 follows the ㅡ irregular,seulpeuda,1.4
맛있다,to be delicious,adjective,food/drink,,masibdda,1.4
재미있다,to be funny/fun,adjective,abstracts,,jaemiiddda,1.4
많다,"to be many of, to be a lot of",adjective,abstracts,,manhta,1.4
행복하다,to be happy,adjective,people,,haengbokada,1.4
거기,there,noun,places,,geogi,1.4
저기,over there,noun,places,,jeogi,1.4
저금,now,adverb,time,doesn't need the time particle,jigum,1.4
하지만,but,conjunction,n/a,,hajiman,1.4
동생,younger sibling,noun,people,can be used to refer to a younger close friend,dongsaeng,1.5
남동생,younger brother,noun,people,,damdongsaeng,1.5
여동생,younger sister,noun,people,,yeodongsaeng,1.5
형,older brother,noun,people,used if the younger person is male,hyeong,1.5
오빠,older brother,noun,people,used if the younger person is female,obba,1.5
누나,older sister,noun,people,used if the younger person is male,numa,1.5
언니,older sister,noun,people,used if the younger person is female,oenni,1.5
삼촌,uncle,noun,people,,samchun,1.5
이모,aunt (on mother's side),noun,people,,imo,1.5
고모,aunt (on father's side),noun,people,,gomo,1.5
아저씨,older man not related to you,noun,people,,ajassi,1.5
아주머니,older woman not reated to you,noun,people,,ajumeoni,1.5
할아버지,grandfather,noun,people,,harabeoji,1.5
할머니,grandmother,noun,people,,haimoni,1.5
친구,friend,noun,people,,chingu,1.5
사진,picture,noun,objects,,sajin,1.5
안경,glasses,noun,objects,,angyeong,1.5
비밀,secret,noun,abstracts,,bimil,1.5
비,rain,noun,weather,,pi,1.5
가게,store/shop,noun,places,,kagae,1.5
박물관,museum,noun,places,,pangmulgwan,1.5
가스 레인지,stove (gas range),noun,objects,,gaseu raenji,1.5
오리,duck,noun,animals,,ori,1.5
꼬리,tail,noun,objects,,ggori,1.5
공,ball,noun,objects,,gong,1.5
기대하다,to expect,verb,abstracts,,gidaehada,1.5
건너다,"to cross (a street, etc.)",verb,motion,,keonneoda,1.5
던지다,to throw,verb,objects,,teonjida,1.5
싫어하다,to not like,verb,objects,,shireohada,1.5
떠나다,to leave somewhere,verb,motion,"kinda like adieu, a final departure",ddonada,1.5
농담하다,to joke,verb,abstracts,,dongdamhada,1.5
공부하다,to study,verb,abstracts,,gongbuhada,1.5
지루하다,to be boring,adjective,abstracts,,jiruhada,1.5
마르다,to be too thin (a person),adjective,people,마르다  follows the 르 Irregular; used in a negative way,maruda,1.5
멀다,to be far away,adjective,objects,멀다 follows the ㄹ Irregular,meolda,1.5
마르다,to be dry,adjective,objects,마르다  follows the 르 Irregular,mareulda,1.5
비슷하다,to be similar,adjective,objects,,biseutada,1.5
싫다,to not be good,adjective,objects,,silta,1.5
오래되다,to be old (an object),adjective,objects,,uraedaeda,1.5
배고프다,to be hungry,adjective,people,,paegopuda,1.5
오늘,today,adverb,time,skip the time particle,oneul,1.5
어제,yesterday,adverb,time,skip the time particle,oejae,1.5
내일,tomorrow,adverb,time,skip the time particle,naeil,1.5
모레,the day after tomorrow,adverb,time,skip the time particle,murae,1.5
년,year,noun,time,,nyeon,1.5
일,day,noun,time,,il,1.5
시간,time,noun,time,can be used to indicate a number of hours; can also mean time as in this time/last time,shigan,1.5
월요일,Monday,noun,time,day of the week,wolyoil,1.5
화요일,Tuesday,noun,time,day of the week,hwayoil,1.5
스요일,Wednesday,noun,time,day of the week,tsuyoil,1.5
목요일,Thursday,noun,time,day of the week,mogyoil,1.5
금요일,Friday,noun,time,day of the week,geumyoil,1.5
토요일,Saturday,noun,time,day of the week,toyoil,1.5
일요일,Sunday,noun,time,day of the week,ilyoil,1.5
신발,shoe,noun,clothing,,shinbal,1.6
남방,shirt,noun,clothing,,nambang,1.6
질문,question,noun,abstracts,,jilmun,1.6
문제,"question, problem",noun,abstracts,,munjae,1.6
나이,age,noun,abstracts,,nai,1.6
화장실,"bathroom, restroom",noun,places,,hwajangshil,1.6
부장님,boss,noun,people,,bujangnim,1.6
분위기,the atmosphere of something,noun,abstracts,,bunwigi,1.6
차,tea,noun,food/drink,,cha,1.6
바지,pants,noun,clothing,,paji,1.6
교실,classroom,noun,places,,gyoshil,1.6
급식,food at school,noun,food/drink,,kubsig,1.6
교감선생님,vice principal,noun,people,,gyogamsoeonsaengnim,1.6
교장선생님,principal,noun,people,,gyojangseonsaengnim,1.6
풀,glue,noun,objects,,peul,1.6
수도,captial city,noun,places,,sudo,1.6
병,bottle,noun,objects,,byeong,1.6
병,"disease, sickness",noun,abstracts,,byeong,1.6
생선,fish,noun,animals,,saengseon,1.6
야채,vegetable,noun,food/drink,,yachae,1.6
언덕,hill,noun,places,,eodeog,1.6
선물,present,noun,objects,,seonmul,1.6
기타,guitar,noun,objects,,gita,1.6
종이,paper,noun,objects,,jongi,1.6
우유,milk,noun,food/drink,,uyo,1.6
손목,wrist,noun,objects,,sonmog,1.6
시계,clock/watch,noun,objects,,shigae,1.6
손목시계,wristwatch,noun,objects,,sonmogsigae,1.6
영화,movie,noun,abstracts,,yeonghwa,1.6
노력하다,to try,verb,abstracts,,noryeoghada,1.6
앉다,to sit,verb,motion,,an'da,1.6
만지다,to touch,verb,objects,,manjida,1.6
자다,to sleep,verb,abstracts,,jada,1.6
보다,to see/watch/look at,verb,objects,,buda,1.6
기다리다,to wait,verb,time,,gidarida,1.6
청소하다,to clean,verb,objects,,cheongsohada,1.6
약속하다,to promise,verb,abstracts,,yagsoghada,1.6
듣다,to hear,verb,abstracts,듣다 follows the ㄷ irregular,teudda,1.6
들어보다,to listen,verb,abstracts,,deuroeboda,1.6
그만하다,to stop,verb,abstracts,,geumanhada,1.6
운동하다,to exercise,verb,people,,undonghada,1.6
놀라다,to be surprised,verb,people,,nollada,1.6
빠르다,to be fast,adjective,people,빠르다  follows the 르 irregular,bbareuda,1.6
느리다,to be slow,adjective,people,has a negative connotation (like too slow),neurida,1.6
착하다,to be nice,adjective,people,,chakhada,1.6
곧,soon,adverb,time,,god,1.6
항상,always,adverb,time,,hangsang,1.6
주,week,noun,time,,ju,1.6
아래,bottom,adverb,places,,arae,1.6
눈쌉,eyebrow,noun,objects,,nunsseob,1.7
교사,teacher,noun,people,teacher the position not the person,gyosa,1.7
반,class of students in a school,noun,abstracts,,pan,1.7
직장,location of work,noun,places,the location where you work only,jigjang,1.7
벽,wall,noun,objects,,byeog,1.7
털,"hair (not on head), fur",noun,objects,,teol,1.7
머리카락,hair (on head),noun,objects,,meorikada,1.7
저녁,"dinner, evening",noun,abstracts,,jeonyeog,1.7
점짐,"lunch, noonish",noun,abstracts,,jeomshim,1.7
옷,clothes,noun,clothing,,od,1.7
오전,morning,noun,time,,ojeon,1.7
오후,afternoon,noun,time,,ohu,1.7
여름,summer,noun,time,,yeorum,1.7
가을,fall,noun,time,,gaeul,1.7
겨울,winter,noun,time,,gyeoul,1.7
붐,spring,noun,time,,bom,1.7
찾다,to search for/find,verb,objects,,chaddda,1.7
가르차다,to teach,verb,people,,gareuchida,1.7
일하다,to work,verb,people,can also be used for something that needs to be done,ilhada,1.7
짓다,to build,verb,objects,,jiddda,1.7
가지다,"to own, to possess",verb,objects,,gajida,1.7
잠그다,to lock,verb,objects,잠그다 follows the ㅡ irregular,jamgeuda,1.7
잊다,to forget,verb,abstracts,,iddda,1.7
돕다,to help,verb,people,,dobda,1.7
주다,to give,verb,objects,,juda,1.7
맞다,to be correct,verb,people,,maddda,1.7
쉽다,to be easy,adjective,abstracts,쉽다 follows the ㅂ irregular,swibdda,1.7
덥다,to be hot,adjective,places,덥다 follows this ㅂ irregular,deobdda,1.7
그립다,to miss (a thing),adjective,abstracts,그립다 follows this ㅂ irregular,guridda,1.7
귀엽다,to be cute,adjective,people,귀엽다 follows this ㅂ irregular,dwiyeobdda,1.7
춥다,to be cold,adjective,places,춥다 follows this ㅂ irregular,chubdda,1.7
어렵다,to be difficult,adjective,abstracts,어렵다 follows the ㅂ irregular,oeryeobdda,1.7
더럽다,to be dirty,adjective,objects,더럽다 follows the ㅂ irregular,deoreobdda,1.7
바쁘다,to be busy,adjective,people,바쁘다 follows the ㅡ irregular,pabbeuda,1.7
같다,to be the same,adjective,objects,,kaddda,1.7
안전하다,to be safe,adjective,abstracts,,anjeonhada,1.7
딱딱하다,to be hard/rigid,adjective,objects,,ddagddakda,1.7
부드럽더,to be soft,adjective,objects,부드럽다 follows the ㅂ irregular,budeureobda,1.7
가능하다,to be possible,adjective,abstracts,,kaneunghada,1.7
불가능하다,to be impossible,adjective,abstracts,,bulganeunghada,1.7
예쁘다,to be pretty,adjective,people,예쁘다 follows the ㅡ irregular,yeobbeuda,1.7
일찍,early,adverb,time,,iljjig,1.7
매일,everyday,adverb,time,,maeil,1.7
기계,machine,noun,objects,,,1.8
대학교,"college, university",noun,places,,,1.8
터럭,truck,noun,objects,,,1.8
검은색,(the colour) black,noun,abstracts,,,1.8
흰색,(the colour) white,noun,abstracts,,,1.8
음료수,"beverage, drink",noun,food/drink,,,1.8
외국,foreign country,noun,places,,,1.8
외국인,foreigner,noun,people,,,1.8
고둥학교,high school,noun,places,,,1.8
도서관,library,noun,places,,,1.8
곳,place,noun,places,,,1.8
동시,same time,noun,time,,,1.8
밤,night,noun,time,,,1.8
어젯밤,last night,noun,time,,,1.8
낮,daytime,noun,time,,,1.8
동,East ,noun,abstracts,,,1.8
남,South,noun,abstracts,,,1.8
서,West,noun,abstracts,,,1.8
북,North,noun,abstracts,,,1.8
놀다,to play,verb,abstracts,놀다 follows the ㄹ irregular,,1.8
쓰다,to use,verb,objects,쓰다 follows the ㅡ irregular,,1.8
쓰다,to write,verb,objects,,,1.8
실수하다,to make a mistake,verb,people,,,1.8
수리하다,to repair,verb,objects,,,1.8
잡다,"to catch, to grab, to grasp",verb,objects,,,1.8
읽다,to read,verb,objects,,,1.8
내다,to pay for,verb,objects,,,1.8
받다,"to get, to receive, to acquire",verb,objects,,,1.8
도착하다,to arrive,verb,motion,,,1.8
여행하다,to travel,verb,motion,,,1.8
왼벽하다,to be perfect,adjective,abstracts,,,1.8
아프다,"to be sick, to be sore",adjective,people,,,1.8
똑똑하다,to be smart,adjective,people,,,1.8
중여하다,to be important,adjective,abstracts,,,1.8
젊다,to be young,adjective,people,,,1.8
늙다,to be old,adjective,people,,,1.8
나쁘다,to be bad,adjective,abstracts,나쁘다 follows the ㅡ irregular,,1.8
바로,immediately,adverb,time,can be used for both space and time,,1.8
즉시,immediately,adverb,time,"can only be used for time, less common",,1.8
빨리,quickly/fast,adverb,motion,,,1.8
자주,often,adverb,abstracts,,,1.8
가끔,sometimes,adverb,time,,,1.8
많이,many/a lot of ,adverb,objects,,,1.8
방금,a moment ago,adverb,time,,,1.8
갑자기,suddenly,adverb,time,,,1.8
매년,every year,adverb,time,,,1.8
다시,again,adverb,time,,,1.8
혼자,alone,adverb,people,,,1.8
안,not,adverb,abstracts,,,1.8
공장,factory,noun,places,,,1.9
열,fever,noun,abstracts,,,1.9
극장,theater,noun,places,,,1.9
회사,company,noun,abstracts,,,1.9
장소,place/location,noun,places,,,1.9
간판,a sign,noun,objects,,,1.9
직업,job,noun,abstracts,,,1.9
수업,a class (that you take or teach),noun,abstracts,,,1.9
고기,meat ,noun,food/drink,,,1.9
돼지,pig,noun,animals,,,1.9
돼지고기,pork,noun,food/drink,,,1.9
소,cow,noun,animals,,,1.9
소고기,beef,noun,food/drink,,,1.9
꽃,flowers,noun,objects,,,1.9
값,price,noun,abstracts,,,1.9
땅콩,peanut,noun,food/drink,,,1.9
축구(하다),(to play) soccer,noun,abstracts,,,1.9
야구(하다),(to play) baseball,noun,abstracts,,,1.9
여권,passport,noun,objects,,,1.9
수건,towel,noun,objects,,,1.9
체육,physical education,noun,abstracts,,,1.9
지하철,subway,noun,objects,,,1.9
미래,future,noun,abstracts,,,1.9
되다,to become,verb,abstracts,,,1.10
시작하다,to start,verb,abstracts,,,1.10
행동하다,to act,verb,abstracts,,,1.10
소개하다,to introduce,verb,people,,,1.10
발견하다,"to discover, to find",verb,abstracts,,,1.10
방문하다,to visit,verb,places,,,1.10
잃다,to lose,verb,people,,,1.10
잃어버리다,to lose,verb,people,,,1.10
입다,"to put on one's clothes, to wear",verb,objects,,,1.10
벗다,to take off one's clothes,verb,objects,,,1.10
웃다,to laugh,verb,people,,,1.10
부끄럽다,to be shy,adjective,people,부끄럽다 follows the ㅂ irregular,,1.10
건강하다,to be healthy,adjective,people,,,1.10
이제,now,adverb,time,,,1.10
현재,now/present,adverb,time,generally a longer length of time,,1.10
하나,one,number,cardinal,pure Korean,,1.11
둘,two,number,cardinal,pure Korean,,1.11
셋,three,number,cardinal,pure Korean,,1.11
넷,four,number,cardinal,pure Korean,,1.11
다섯,five,number,cardinal,pure Korean,,1.11
여섯,six,number,cardinal,pure Korean,,1.11
일곱,seven,number,cardinal,pure Korean,,1.11
여덟,eight,number,cardinal,pure Korean,,1.11
아홉,nine,number,cardinal,pure Korean,,1.11
열,ten,number,cardinal,pure Korean,,1.11
스물,twenty,number,cardinal,pure Korean,,1.11
서른,thirty,number,cardinal,pure Korean,,1.11
마흔,forty,number,cardinal,pure Korean,,1.11
쉰,fifty,number,cardinal,pure Korean,,1.11
일,one,number,cardinal,sino-Korean,,1.11
이,two ,number,cardinal,sino-Korean,,1.11
삼,three,number,cardinal,sino-Korean,,1.11
사,four,number,cardinal,sino-Korean,,1.11
오,five,number,cardinal,sino-Korean,,1.11
육,six,number,cardinal,sino-Korean,,1.11
칠,seven,number,cardinal,sino-Korean,,1.11
팔,eight,number,cardinal,sino-Korean,,1.11
구,nine,number,cardinal,sino-Korean,,1.11
십,ten,number,cardinal,sino-Korean,,1.11
벡,one hundred,number,cardinal,sino-Korean,,1.11
천,one thousand,number,cardinal,sino-Korean,,1.11
만,ten thousand,number,cardinal,sino-Korean,,1.11
영,zero,number,cardinal,,,1.11
공,zero,number,cardinal,,,1.11
처음,the first time/beginning,number,time,,,1.11
마지막,last ,number,ordinal,,,1.11
번째,counter for 1st/2nd/3rd etc.,number,counter,,,1.11
첫 번째,first,number,ordinal,,,1.11
두 번째,second,number,ordinal,,,1.11
개,counter for things,number,counter,,,1.11
번,counter for behaviors/actions,number,counter,,,1.11
명,counter for people,number,counter,,,1.11
대,counter for automobiles,number,counter,,,1.11
잔,counter for a 'glass' of ____,number,counter,,,1.11
시,o'clock,number,time,,,1.11
분,minute,number,time,,,1.11
초,second,number,time,,,1.11
살,years old,number,time,,,1.11
1월,January,noun,time,,,1.11
2월,February,noun,time,,,1.11
3월,March,noun,time,,,1.11
4월,April,noun,time,,,1.11
5월,May,noun,time,,,1.11
6월,June,noun,time,,유월,1.11
7월,July,noun,time,,,1.11
8월,August,noun,time,,,1.11
9월,September,noun,time,,,1.11
10월,October,noun,time,,시월,1.11
11월,November,noun,time,,,1.11
12월,December,noun,time,,,1.11
기회,chance/opportunity,noun,abstracts,,,1.11
계횐,plans,noun,abstracts,,,1.11
회시월,office worker,noun,people,,,1.11
요리사,a cook/chef,noun,people,,,1.11
운전사,a driver,noun,people,,,1.11
달리다,to run,verb,people,,,1.11
여리하다,to cook,verb,people,,,1.11
운전하다,to drive,verb,people,,,1.11
죽다,to die,verb,people,,,1.11
두렵다,to be scared,adjective,people,두렵다 follows the ㅂ irregular,,1.11
이상하다,to be strange,adjective,objects,,,1.11
동안,"for, during, while",adverb,time,,,1.11
달,month,noun,time,,,1.11
개월,month,noun,time,,,1.11
날,day,noun,time,,,1.11
하루,one day,noun,time,,,1.11
이틀,two days,noun,time,,,1.11
사흘,three days,noun,time,,,1.11
지난 주,last week,noun,time,,,1.11
지난 달,last month,noun,time,,,1.11
이번 주,this week,noun,time,,,1.11
이번 달,this month,noun,time,,,1.11
다음 주,next week,noun,time,,,1.11
다음 달,next month,noun,time,,,1.11
작년,last year,noun,time,,,1.11
올해,this year,noun,time,,,1.11
내년,next year,noun,time,,,1.11
평생 (동안),in my whole life,adverb,time,,,1.11
보통,usually,adverb,time,,,1.11
점원,store assistant,noun,people,,,1.12
배우,actor,noun,people,,,1.12
목,neck/throat,noun,objects,,,1.12
소리,noise/sound,noun,abstracts,,,1.12
목소리,voice,noun,abstracts,,,1.12
의미,meaning,noun,abstracts,,,1.12
상황,situation,noun,abstracts,,,1.12
닭,chicken,noun,animals,,,1.12
문장,sentence,noun,abstracts,,,1.12
기름,oil/grease/gasoline,noun,objects,,,1.12
그들,them,noun,people,,,1.12
생활,lifestyle/life,noun,abstracts,,,1.12
속삭이다,to whisper,verb,people,,,1.12
복습하다,to review/to restudy,verb,abstracts,,,1.12
바꾸다,to change,verb,abstracts,,,1.12
유학하다,to study abroad,verb,people,,,1.12
넘어지다,to fall,verb,objects,,,1.12
독서하다,to read a book,verb,people,,,1.12
출발하다,to depart,verb,motion,,,1.12
마시다,to drink,verb,food/drink,,,1.12
내리다,"to get off, to go down, to come down",verb,motion,,,1.12
나오다,to come out,verb,motion,,,1.12
나가다,to go out,verb,motion,,,1.12
쓰다,to cover one's head,verb,people,쓰다 follows the ㅡ irregular,,1.12
모르다,to not know,verb,people,모르다 follows the 르 irregular,,1.12
신청하다,to apply,verb,abstracts,,,1.12
사다,to buy,verb,objects,,,1.12
팔다,to sell,verb,objects,팔다 follows the ㄹ irregular,,1.12
얇다,to be thin,adjective,people,only used for objects,,1.12
적당하다,to be moderate,adjective,people,,,1.12
어리다,to be young,adjective,people,,,1.12
기쁘다,to be glad,adjective,people,,,1.12
꽤,fairly/quite,adverb,abstracts,,,
때,"time, when",adverb,time,,,
그때,at that time,adverb,time,,,
쪽,side/direction,noun,motion,can't be alone,,
열심히,'hard/well' (as in work hard),adverb,abstracts,,,
완전히,"perfectly, completely",adverb,abstracts,,,
몇,"some ___, how many (used with a counter)",number,abstracts,,,
층,floor,noun,objects,,,
사실,fact,noun,abstracts,,,
약,medicine,noun,abstracts,,,
음악,music,noun,abstracts,,,
하늘,sky,noun,abstracts,,,
땅,land,noun,places,,,
지하,underground,noun,places,,,
빵,bread,noun,food/drink,,,
쓰레기,trash/garbage,noun,objects,,,
회계사,accountant,noun,people,,,
녹차,green tea,noun,food/drink,,,
이,teeth,noun,objects,,,
정부,government,noun,abstracts,,,
성격,personality,noun,abstracts,,,
온도,temperature,noun,abstracts,,,
커튼,curtains,noun,objects,,,
숨,breath,noun,abstracts,,,
축하하다,to congratulate,verb,people,,,
일어나다,"to rise, to get up/to wake up",verb,people,,,
준비하다,"to prepare, to get ready",verb,people,,,
들어오다,to come in,verb,people,,,
들어가다,to go in,verb,people,,,
입장하다,to enter (the verb form of admission),verb,people,,,
숨쉬다,to breathe,verb,people,,,
흥미룹다,to be interesting,adjective,abstracts,흥미롭다 follows the ㅂ irregular,,
늦다,to be late,adjective,people,,,
시원하다,"to be cool, to be relaxing",adjective,people,,,
질투하다,to be jealous,adjective,people,,,
맵다,to be spicy,adjective,food/drink,맵다 follows the ㅂ irregular,,
죄송하다,to be sorry,adjective,people,,,
미안하다,to be sorry,adjective,people,,,
무겁다,to be heavy,adjective,objects,무겁다 follows the ㅂ irregular,,
가볍다,to be light,adjective,objects,가볍다 follows the ㅂ irregular,,
유명하다,"to be popular, to be famous",adjective,objects,,,
익숙하다,to be familiar with something/be used to,adjective,people,,,
요즘,these days,adverb,time,,,
같이,together,adverb,people,가치,,
밥,rice (or sometimes food in general),noun,food/drink,,,
냄새(나다),smell,noun,abstracts,,,
청소기,vacuum cleaner,noun,objects,,,
얼굴,face,noun,objects,,,
시장,market,noun,places,,,
몸,body,noun,objects,,,
불,light/fire,noun,abstracts,,,
숙제,homework,noun,abstracts,,,
기억,memory,noun,abstracts,,,
상자,box,noun,objects,,,
바람,wind,noun,abstracts,,,
세금,tax,noun,abstracts,,,
켜다,to turn on,verb,objects,,,
끄다,to turn off,verb,objects,끄다 follows the ㅡ irregular,,
숨다,to hide oneself,verb,people,,,
숨기다,to hide an object,verb,objects,,,
고장내다,to break,verb,objects,,,
놓다,to lay an object down,verb,objects,,,
눕다,to lie down,verb,people,눕다 follows the ㅂ irregular,,
존경하다,to respect,verb,people,,,
대체하다,to replace,verb,objects,,,
제공하다,"to provide, to offer",verb,abstracts,,,
포함하다,to include,verb,abstracts,,,
내다,to make something coome up/arise/occur,verb,abstracts,,,
싸우다,to fight,verb,people,,,
속이다,to trick somebody,verb,people,,,
감동하다,to impress,verb,people,,,
서다,to stand,verb,people,,,
잠기다,to be locked,passive verb,objects,,,
켜지다,to be turned on,passive verb,objects,,,
꺼지다,to be turned off,passive verb,objects,,,
나다,to have something that you didn't have,passive verb,objects,,,
고장나다,to be broken,passive verb,objects,,,
화니다,to be mad,passive verb,people,,,
짜증나다,to be annoyed,passive verb,people,,,
놓이다,for an object to be lying down,passive verb,objects,,,
열리다,to be open,passive verb,objects,,,
닫히다,to be closed,passive verb,objects,,,
속다,to be tricked,passive verb,people,,,
자꾸,repeatedly,adverb,abstracts,,,
잠,sleep,noun,abstracts,,,
모자,hat,noun,objects,,,
줄,line/string/rope/queue,noun,objects,,,
감기,a cold,noun,abstracts,,,
기침,cough,noun,abstracts,,,
설사,diarrhea,noun,abstracts,,,
독감,the flu,noun,abstracts,,,
재채기,sneeze,noun,abstracts,,,
동아리,a club in school or university,noun,abstracts,,,
취미,hobby,noun,abstracts,,,
수학,math,noun,abstracts,,,
가족,family,noun,abstracts,,,
실력,skills,noun,abstracts,,,
사촌,cousin,noun,people,,,
삶,life,noun,abstracts,,,
맥주,beer,noun,food/drink,,,
과거,past,noun,abstracts,,,
마음,one's heart/mind,noun,abstracts,,,
그림,picture/painting,noun,objects,,,
속,inside,noun,places,,,
들다,"to lift, to carry, to hold",verb,objects,들다 follows the ㄹ irregular,"to l____, to c____, to h_____",
들다,"to enter, to go into",verb,motion,들다 follows the ㄹ irregular,"to e____, to g__ ___",
가져오다,to bring an object,verb,motion,to bring an object (while coming somewhere),,
가져가다,to bring/take an object,verb,objects,to bring an object (while going somewhere),,
돌리다,"to turn, to run a machine, to hand out",verb,objects,,,
돌다,"to turn oneself, to rotate oneself",verb,people,돌다 follows the ㄹ irregular,,
돌아보다,to look back,verb,people,,,
돌아가다,to go back/return,verb,motion,,,
돌아오다,to come back/return,verb,motion,,,
돌려주다,to give back,verb,objects,,,
걸다,to hang,verb,objects,걸다 follows the ㄹ irregular,,
주문하다,to order,verb,abstracts,,,
결혼하다,to get married,verb,people,,,
부르다,to call out,verb,people,부르다 follows the 르 irregular,,
고르다,"to choose, to pick",verb,abstracts,,,
넣다,"to insert, to put inside",verb,objects,,,
경험하다,to experience,verb,people,,,
설명하다,to explain,verb,people,,,
자랑하다,to show off,verb,people,,,
걸리다,to be hanging,passive verb,objects,,,
걸리다,"to be caught, to be stuck, to be trapped",passive verb,objects,,,
걸리다,to catch a cold/sickness,passive verb,people,,,
걸리다,"to ""take"" a certain amount of time",passive verb,abstracts,,,
똑같다,to be exactly the same,adjective,objects,,,
자랑스럽다,to be proud,adjective,people,자랑스럽다 follows the ㅂ irregular,,
또 다르다,another,adjective,abstracts,,,
시끄럽다,"to be noisy, to be loud",adjective,objects,시끄럽다 follows the ㅂ irregular,,
흔하다,to be common,adjective,objects,,,
드물다,to be rare,adjective,objects,드물다 follows the ㄹ irregular,,
아마도,maybe/might,adverb,abstracts,,,
경제,economy/economics,noun,abstracts,,,
경제적,economical,noun,abstracts,,,
역사,history,noun,abstracts,,,
역사적,historical,noun,abstracts,,,
과학,science,noun,abstracts,,,
과학적,scientific,noun,abstracts,,,
충동,impulse/shock,noun,abstracts,,,
총동적,impulsive,noun,abstracts,,,
문회,culture,noun,abstracts,,,
문회적,cultural,noun,abstracts,,,
민주(주의),democracy,noun,abstracts,,,
민주적,democratic,noun,abstracts,,,
개인,individual/personal,noun,abstracts,,,
개인적,individual,noun,abstracts,,,
자연,nature,noun,abstracts,,,
자연스럽다,natural,adjective,abstracts,자연스럽다 follows the ㅂ irregular,,
실망(하다),dissapointment (dissapointed),noun,people,,,
실망스럽다,to be dissapointing,adjective,abstracts,실망스럽다 follows the ㅂ irregular,,
사랑(하다),love/(to love),noun,people,,,
사랑스럽다,to be lovely,adjective,abstracts,사랑스럽다 follows the ㅂ irregular,,
만족(하다),satisfaction/(to be satisfied),noun,people,,,
만족스럽다,to be satisfactory,adjective,abstracts,만족스럽다follows the ㅂ irregular,,
관계,relationship,noun,abstracts,,,
스트레스,stress,noun,abstracts,,,
연필,pencil,noun,objects,,,
색깔,colour,noun,abstracts,,,
그,he/him,noun,people,,,
그녀,she/her,noun,people,,,
결과,result,noun,abstracts,,,
꿈,a dream,noun,abstracts,,,
세상,world,noun,places,,,
세계,world,noun,places,,,
회화,conversation,noun,abstracts,,,
문자,text message,noun,abstracts,,,
가슴,chest,noun,objects,,,
제목,"title of something (book, etc.)",noun,abstracts,,,
근처,close/near by,noun,places,,,
나중,later,noun,time,,,
최근,recently,noun,time,,,
풀다,"to untie, to unfasten, to loosen",verb,objects,풀다 follows the ㄹ irregular,,
꿈꾸다,to dream,verb,abstracts,,,
태어나다,to be born,verb,people,,,
다니다,to go somewhere frequently,verb,motion,,,
믿다,"to believe, to trust",verb,people,,,
가깝다,"to be close to, to be near",adjective,places,가깝다 follows the ㅂ irregular,,
힘들다,to be difficult to do something,adjective,abstracts,,,
순수하다,to be pure,adjective,abstracts,,,
조금,a little,adverb,abstracts,,,
그러나,but/however,adverb,abstracts,,,
과일,fruit,noun,food/drink,,,
숳,alchohol,noun,food/drink,,,
우산,umbrella,noun,objects,,,
잎,leaf,noun,objects,,,
교회,church,noun,places,,,
강,river,noun,places,,,
계절,season,noun,abstracts,,,
날씨,weather,noun,abstracts,,,
부엌,kitchen,noun,places,,,
담임선생님,homeroom teacher,noun,people,,,
방학,vacation,noun,abstracts,,,
배,pear,noun,food/drink,,,
당근,carrot,noun,food/drink,,,
무,radish,noun,food/drink,,,
감자,potato,noun,food/drink,,,
칼,knife,noun,objects,,,
단어,word,noun,abstracts,,,
문법,grammar,noun,abstracts,,,
발,foot,noun,objects,,,
바다,season,noun,abstracts,,,
신문,newspaper,noun,objects,,,
고객,customer,noun,people,,,
부자,a rich person,noun,people,,,
교육,education,noun,abstracts,,,
기분,feelings,noun,abstracts,,,
산,mountain,noun,places,,,
순서,turn (turn to go)/order,noun,abstracts,,,
시험,exam/test,noun,abstracts,,,
머무르다,to stay,verb,abstracts,머무르다 follows the 르 irregular,,
쉬다,"to relax, to rest",verb,people,,,
보내다,to send,verb,objects,,,
걸어오다,to come by walking,verb,motion,,,
걸어가다,to go by walking,verb,motion,,,
초대하다,to invite,verb,people,,,
올다,to cry,verb,people,울다 follows the ㄹ irregular,,
환영하다,to welcome,verb,people,,,
반갑다,to be happy when meeting somebody,adjective,people,반갑다 follows the ㅂ irregular,,
따뜻하다,to be warm,adjective,abstracts,,,
높다,to be high,adjective,objects,,,
가난하다,to be poor,adjective,people,,,
낮다,to be low,adjective,objects,,,
권,counter for books,number,counter,,,
분,person,noun,people,,,
분,high respect counter for people,number,counter,,,
원숭이,monkey,noun,animals,,,
교과목,subject in school,noun,abstracts,,,
교과서,textbook,noun,objects,,,
소문,rumor,noun,abstracts,,,
충전기,charger,noun,objects,,,
청구서,bill,noun,objects,,,
계산원,cashier,noun,people,,,
계산기,calculator,noun,objects,,,
출장,business trip,noun,abstracts,,,
밥솥,rice cooker,noun,objects,,,
소설,novel,noun,objects,,,
백과사전,encyclopedia,noun,objects,,,
전공,major (in university),noun,abstracts,,,
가위,scissors,noun,objects,,,
팀,team,noun,people,,,
부모님,parents,noun,people,,,
피부,skin,noun,objects,,,
군대,army,noun,abstracts,,,
군인,soldier,noun,people,,,
지도,map,noun,objects,,,
책상,desk,noun,objects,,,
어깨,shoulder,noun,objects,,,
백화점,department store,noun,places,,,
대학생,university student,noun,people,,,
중학교,middle school,noun,places,,,
가수,singer,noun,people,,,
공기,air,noun,abstracts,,,
새벽,dawn,noun,abstracts,,,
내부,inside part,noun,abstracts,,,
외부,outside part,noun,abstracts,,,
자르다,to cut,verb,objects,자르다 follows the 르 irregular,,
요청하다,"to ask, to request",verb,abstracts,,,
궁금하다,to be curious about,adjective,people,,,
안타깝다,to be unfortunate,adjective,abstracts,안타깝다 follows the ㅂ irregular,,
젖다,to be wet,adjective,objects,,,
주로,"mainly, mostly",adverb,abstracts,,,
이쪽,this direction,noun,places,,,
그쪽,that direction,noun,places,,,
저쪽,that direction (over there),noun,places,,,
한식,Korean food,noun,food/drink,,,
양식,western food,noun,food/drink,,,
키,height,noun,people,,,
별,star,noun,objects,,,
태도,attitude,noun,abstracts,,,
월급,pay cheque,noun,abstracts,,,
도심,downtown,noun,places,,,
시내,downtown,noun,places,,,
추억,memory,noun,abstracts,,,
후보자,candidate,noun,people,,,
라면,instant noodles (ramen),noun,food/drink,,,
주년,anniversary,noun,abstracts,,,
자세,body position/posture,noun,abstracts,,,
평소,usual,noun,abstracts,,,
옛날,old days,noun,time,,,
옛사랑,old love,noun,abstracts,,,
옛길,old path/road,noun,places,,,
걱정하다,to worry,verb,people,,,
씻다,to wash,verb,objects,,,
확인하다,"to confirm, to check",verb,abstracts,,,
모으다,"to gather, to collect",verb,objects,,,
이야기하다,"to talk with, to have a conversation",verb,people,,,
수집하다,to collect,verb,objects,,,
추천하다,to recommend,verb,abstracts,,,
줍다,to be narrow,adjective,objects,,,
넓다,to be wide,adjective,objects,,,
특별하다,to be special,adjective,objects,,,
게으르다,to be lazy,adjective,people,게으르다 follows the 르 irregular,,
편하다,to be comfortable,adjective,people,,,
안락하다,to be comfortable,adjective,people,,알라카다,
더,more,adverb,abstracts,,,
덜,less,adverb,abstracts,"One more quick thing – it is kind of funny/cute slang to pronounce 덜 as 들. I suggest you try it out sometime. Korean people often get a kick out of foreign people speaking in slang-like language. They usually can’t get over the fact that we know Korean, let alone the fact that we know a bit of slang.",,
가장,the most (superlative),adverb,abstracts,,,
제일,the most (superlative),adverb,abstracts,,,
여러,many/various,adverb,abstracts,,,
옛_____,something old,noun,abstracts,,,
교수,professor,noun,people,,,
주인,master/owner/proprietor,noun,people,,,
잘못,mistake/fault,noun,abstracts,,,
기온,temperature,noun,abstracts,This is used for the temperature of the weather.,,
거울,mirror,noun,objects,,,
가루,powder,noun,objects,,,
근육,muscle,noun,objects,,,
어둠,darkness,noun,abstracts,,,
기봄,basic/basics,noun,abstracts,,,
사고,accident,noun,abstracts,,,
교통,traffic,noun,abstracts,,,
이상,a noun to indicate something is more than something else,noun,abstracts,,,
잘하다,to do something well,verb,abstracts,,,
못하다,to do something poorly,verb,abstracts,,,
수영하다,to swim,verb,people,,,
대우하다,to treat somebody,verb,people,,,
퇴직하다,to retire,verb,people,,,
접수하다,to receive (an application),verb,people,,,
씹다,to chew,verb,food/drink,,,
통역하다,to interpret,verb,abstracts,,,
번역하다,to translate,verb,abstracts,,,
젓다,to stir,verb,food/drink,젓다 follows the ㅅ irregular,,
늘리다,"to gain, to improve, to increase",verb,abstracts,,,
빠지다,to fall into,verb,motion,,,
빠져나다,"to escape, come out of ",verb,motion,,,
빠져나가다,"to escape, to go out of",verb,motion,,,
헷갈리다,to be confused,verb,people,,,
늘다,"to be gained, improved, increased",passive verb,abstracts,늘다 follows the ㄹ irregular,,
둥글다,"to be round, to be spherical",adjective,abstracts,둥글다 follows the ㄹ irregular,,
어둡다,to be dark,adjective,places,어둡다 follows the ㅂ irregular,,
잘,well,adverb,abstracts,,,
못,poorly,adverb,abstracts,,,
님,adds respect to person's name or position,noun,people,,,
또는,or,conjunction,abstracts,,,
세,a counter for years of age,number,counter,,,
꼭,surely/definitely,adverb,abstracts,,,
물론,of course,exclamation,abstracts,,,
소식,news,noun,abstracts,,,
엄마,mom,noun,people,,,
아빠,dad,noun,people,,,
결혼식,wedding,noun,abstracts,,,
우표,postage stamp,noun,objects,,,
신,god,noun,people,,,
만화,"comic, cartoons",noun,abstracts,,,
만화책,comic book,noun,objects,,,
예정,schedule,noun,abstracts,,,
코딱지,"booger, small amount of something",noun,abstracts,,,
논,rice paddy,noun,places,,,
낮잠 (자다),nap ,noun,abstracts,,,
의견,"opinion, feedback",noun,abstracts,,,
사라지다,to disappear,verb,objects,,,
졸업하다,to graduate,verb,people,,,
입원하다,to check into a hospital,verb,people,,,
퇴원하다,to check out of a hospital,verb,people,,,
이기다,to win,verb,people,,,
지다,to lose,verb,people,,,
후회하다,to regret,verb,people,,,
타다,to ride,verb,objects,,,
즐섭다,to be pleasant,adjective,abstracts,즐겁다 follows the ㅂ irregular,,
부족하다,"to not be enough, to be lacking",adjective,abstracts,,,
간단하다,to be simple,adjective,abstracts,,,
누구,who,adverb,people,,,
왜,why,adverb,abstracts,,,
언제,when,adverb,time,,,
어디,where,adverb,places,,,
역시,also,adverb,abstracts,,,
몇몇,some,adverb,abstracts,,,
벌씨,already,adverb,abstracts,,,
이미,already,adverb,abstracts,,,
특히,"especially, particularly",adverb,abstracts,,,
점점,gradually,adverb,abstracts,,,
계란,eggs,noun,food/drink,,,
자리,"a seat, a place to put something",noun,places,,,
중요성,"importance, emphasis",noun,abstracts,,,
벌금,a fine,noun,abstracts,,,
파일,file,noun,abstracts,,,
루션,lotion,noun,objects,,,
습관,"customs, habit",noun,abstracts,,,
치마,skirt,noun,objects,,,
단계,"step, phase, stage",noun,abstracts,,,
짓,some sort of negative act,noun,abstracts,,,
차지하다,to occupy a space,verb,places,,,
수거하다,"to collect, to come and pick up",verb,motion,,,
첨부하다,to attach (a file),verb,abstracts,,,
찢다,"to tear, to rip",verb,objects,,,
다녀오다,to go and then come back,verb,motion,,,
예상하다,to expect,verb,abstracts,,,
올바르다,to be correct,adjective,people,올바르다 follows the 르 irregular,,
복잡하다,to be complicated,adjective,abstracts,,,
짧다,"to be short, to be brief",adjective,abstracts,,,
얼마나,how much,adverb,question word,,,
몇,how many ___,number,counter,,,
뭐,what,adverb,question word,,,
무슨,what,adjective,question word,,,
무엇,what,noun,question word,,,
어떤,which,adverb,question word,,,
어떤,some,number,question word,,,
어느,which,adverb,question word,,,
어때,how is/was ... ?,adverb,question word,,,
대개,usually,adverb,abstracts,,,
바깥,outside ,noun,places,,,
쯤,approximately,adverb,abstracts,,,
서로,reciprocally,adverb,abstracts,"Notes: When you have two nouns as the subject, you can indicate that something was done to each other (reciprocally)",,
필독,must read,noun,abstracts,,,
며칠,how many days,adverb,question word,"This word has three main usages:

When asking somebody how many days they will do something
When asking what day it is
To say “a few days ago”",,
퍼센트,percent,noun,abstracts,,,
초록색,(the colour) green,noun,abstracts,,,
보라색,(the colour) purple,noun,abstracts,,,
언두색,(the colour) light green,noun,abstracts,,,
분흥색,(the colour) pink,noun,abstracts,,,
갈색,(the colour) brown,noun,abstracts,,,
회색,(the colour) grey,noun,abstracts,,,
적색,(the colour) red,noun,abstracts,,,
셔츠,shirt,noun,objects,,,
눈,snow,noun,abstracts,,,
눈보라,"snow storm, blizzard",noun,abstracts,,,
뉴스,news,noun,abstracts,,,
전쟁,war,noun,abstracts,,,
작품,a piece of work,noun,objects,,,
날짜,date,noun,abstracts,,,
그릇,bowl,noun,objects,,,
등,one's back,noun,abstracts,,,
손등,back of hand,noun,abstracts,,,
손톱,fingernail,noun,objects,,,
독자,readers,noun,people,,,
부부,"couple, married couple",noun,people,,,
변경하다,to change,verb,abstracts,,,
들르다,to stop by,verb,motion,,,
내려오다,to come down,verb,motion,,,
내려가다,to go down,verb,motion,,,
드러내다,"to reveal, to show",verb,abstracts,,,
발표하다,to announce,verb,abstracts,,,
드러나다,to be shown,passive verb,abstracts,,,
푸르다,to be sea blue,adjective,objects,,,
노랗다,to be yellow,adjective,objects,,,
발갛다,to be red,adjective,objects,,,
하얗다,to be white,adjective,objects,,,
까맣다,to be black,adjective,objects,,,
파랗다,to be blue,adjective,objects,,,
섬세하다,to be delicate,adjective,objects,,,
이렇다,to be like this,adjective,abstracts,,,
그렇다,to be like that,adjective,abstracts,,,
저렇다,to be like that,adjective,abstracts,,,
대부분,most,adverb,abstracts,,,
송이,"counter for ""bunch"" of bananas or single flower",number,counter,,,
종류,counter for a type/kind of thing,number,counter,,,
가지,counter for a type of thing,number,counter,,,
설탕,sugar,noun,food/drink,,,
경찰관,policeman,noun,people,,,
경찰서,police station,noun,places,,,
그름,cloud,noun,objects,,,
경쟁,competition,noun,abstracts,,,
경쟁자,competitors,noun,people,,,
피,blood,noun,objects,,,
구두,"shoes, boots",noun,objects,,,
목욕,bath,noun,objects,,,
번호,number,noun,abstracts,,,
전화번호,phone number,noun,abstracts,,,
열쇠,key,noun,objects,,,
수박,watermelon,noun,food/drink,,,
과자,"candy, cookies, snacks",noun,food/drink,,,
양복,suit,noun,objects,,,
날다,to fly,verb,objects,날다 follows the ㄹ irregular,,
걷히다,to clear up (in weather),verb,abstracts,,,
그경하다,to sight see,verb,places,,,
뒤처지다,to fall behind,verb,motion,,,
앞지르다,"to pass, to overtake",verb,motion,앞지르다 follows the 르 irregular,,
감독하다,to supervise,verb,abstracts,,,
느끼다,to feel,verb,people,,,
치우다,"to remove, to clear away",verb,abstracts,,,
지우다,"to wipe off, to erase",verb,abstracts,,,
두다,"to put, to set, to place something",verb,objects,,,
느껴지다,to be felt,passive verb,people,,,
달다,to be sweet,adjective,food/drink,,,
깊다,to be deep,adjective,places,,,
조용하다,to be quiet,adjective,abstracts,,,
뜨겁다,to be hot,adjective,objects,,,
차갑다,to be cold,adjective,objects,,,
친절하다,"to be nice, to be kind",adjective,people,,,
전,before/ago,adverb,time,,,
직전,just before,adverb,time,,,
후,after/later,adverb,time,,,
직후,right after,adverb,time,,,
이래,since,adverb,time,,,
잠시,a moment,noun,time,,,
잠깐,a short time,noun,time,,,
이내,within,adverb,time,,,
모든,every,noun,abstracts,,,
모든 것,everything,noun,abstracts,,,
어디나,everywhere,noun,places,,,
언제나,every time/always,noun,time,,,
누구나,everyone,noun,people,,,
뭔가,something,noun,abstracts,,,
어딘가,somewhere,noun,places,,,
언젠가,"sometime, some day",noun,time,,,
누군가,somebody,noun,people,,,
아무나,anybody,noun,people,,,
아무 거나,anything,noun,abstracts,,,
아무 데나,anywhere,noun,places,,,
아무 때나,anytime,noun,time,,,
아무도,nobody,noun,people,,,
아무 것더,nothing,noun,abstracts,,,
아무 대도,nowhere,noun,places,,,
마다,each,determiner,abstracts,,,
모두,all,determiner,abstracts,,,
다,all,determiner,abstracts,,,
떼,place,noun,places,,,
언제든지,anytime,noun,time,,,
젓가락,chopsticks,noun,food/drink,,,
혀,tongue,noun,objects,,,
지갑,"wallet, purse",noun,objects,,,
기숙사,dorm,noun,places,,,
주소,address,noun,abstracts,,,
메뉴,menu,noun,food/drink,,,
아시아,Asia,noun,places,,,
동남아시아,south east Asia,noun,places,,,
눈물,tears,noun,objects,,,
회의,"meeting, conference",noun,abstracts,,,
고향,hometown,noun,places,,,
휴일,holiday,noun,abstracts,,,
아기/애기,"baby, infant",noun,people,,,
산책하다,to go for a walk,verb,motion,,,
사귀다,"to go out with, to date",verb,people,,,
무관심하다,to be indifferent/to not care,adjective,people,,,
심하다,"to be severe, to be extreme",adjective,abstracts,,,
하루 종일,all day long,adverb,time,,,
예전,"old days, past",adverb,time,,,
관심이 있다,to be interested in,verb,people,,,
이때,at this moment,adverb,time,,,